"price","latitude","longitude","accommodates","bathrooms","bedrooms","minimum_nights","number_of_reviews","review_scores_rating","review_scores_location","review_scores_value"
40,51.56802,-0.11121,2,1,1,1,21,97,9,9
75,51.48796,-0.16898,2,1,1,10,89,96,10,9
307,51.52195,-0.14094,6,2,3,4,42,94,10,9
29,51.57224,-0.20906,2,1.5,1,10,129,96,9,10
65,51.46507,-0.32421,2,1,1,1,6,90,10,8
195,51.47934,-0.28066,5,1.5,3,3,79,96,10,9
72,51.58461,-0.1617,2,0,1,2,528,97,10,10
80,51.53972,-0.05885,2,1,1,6,52,97,10,10
70,51.46871,-0.06455,2,1,1,2,55,96,9,10
